Workbook

Sheet Pasang Surut
A2: DATA PASANG SURUT DI PULAU SANROBENGI
A3: Jam | B3: Pasang | C3: Surut | D3: H
A4: 00.00 | B4: 9.4 | C4: 8.8 | D4: =((B4+C4)/2) -> 9.1
A5: 01.00 | B5: 9.8 | C5: 9.1 | D5: =((B5+C5)/2) -> 9.45
A6: 02.00 | B6: 10.1 | C6: 9.3 | D6: =((B6+C6)/2) -> 9.7
A7: 03.00 | B7: 10.5 | C7: 9.6 | D7: =((B7+C7)/2) -> 10.05
A8: 04.00 | B8: 10.7 | C8: 9.9 | D8: =((B8+C8)/2) -> 10.3
A9: 05.00 | B9: 11 | C9: 10.8 | D9: =((B9+C9)/2) -> 10.9
A10: 06.00 | B10: 11.6 | C10: 11.1 | D10: =((B10+C10)/2) -> 11.35
A11: 07.00 | B11: 12.5 | C11: 11.9 | D11: =((B11+C11)/2) -> 12.2
A12: 08.00 | B12: 11.5 | C12: 11.1 | D12: =((B12+C12)/2) -> 11.3
A13: 09.00 | B13: 10.7 | C13: 10.3 | D13: =((B13+C13)/2) -> 10.5
A14: 10.00 | B14: 9.1 | C14: 8.8 | D14: =((B14+C14)/2) -> 8.95
A15: 11.00 | B15: 7.2 | C15: 6.9 | D15: =((B15+C15)/2) -> 7.05
... A42: 14.00 | B42: 2.4 | C42: 1.8 | D42: =((B42+C42)/2) -> 2.1
B43: TOTAL MUKA AIR RATA-RATA = | D43: =SUM(D4:D42) -> 304.7
B44: MSL = | D44: =AVERAGE(D4:D42) -> 7.8128205

Sheet Suhu, Salinitas, DO
A1: SUHU | E1: SALINITAS | I1: DO
A2: waktu | B2: TITIK | C2: PASANG | E2: waktu | F2: titik | G2: pasang | I2: waktu | J2: titik | K2: pasang
A3: 8 | B3: 1.1 | C3: 33 | E3: 8 | F3: 1.1 | G3: 33.6 | I3: 8 | J3: 1.1 | K3: 6.19
A4: 8.1 | B4: 1.2 | C4: 32.5 | E4: 8.1 | F4: 1.2 | G4: 34.2 | I4: 8.1 | J4: 1.2 | K4: 4.67
A5: 8.2 | B5: 1.3 | C5: 32.6 | E5: 8.2 | F5: 1.3 | G5: 34.8 | I5: 8.2 | J5: 1.3 | K5: 5.52
A6: 8.3 | B6: 2.1 | C6: 30.2 | E6: 8.3 | F6: 2.1 | G6: 36 | I6: 8.3 | J6: 2.1 | K6: 4.59
A7: 8.4 | B7: 2.2 | C7: 29.5 | E7: 8.4 | F7: 2.2 | G7: 32.5 | I7: 8.4 | J7: 2.2 | K7: 5.31
A8: 8.5 | B8: 2.3 | C8: 30 | E8: 8.5 | F8: 2.3 | G8: 33.5 | I8: 8.5 | J8: 2.3 | K8: 4.76
A9: 9 | B9: 3.1 | C9: 30.5 | E9: 9 | F9: 3.1 | G9: 36 | I9: 9 | J9: 3.1 | K9: 5.61
A10: 9.1 | B10: 3.2 | C10: 29.3 | E10: 9.1 | F10: 3.2 | G10: 33.6 | I10: 9.1 | J10: 3.2 | K10: 5.71
A11: 9.2 | B11: 3.3 | C11: 30.1 | E11: 9.2 | F11: 3.3 | G11: 34.2 | I11: 9.2 | J11: 3.3 | K11: 5.67
A12: 9.3 | B12: 4.1 | C12: 29.2 | E12: 9.3 | F12: 4.1 | G12: 34.2 | I12: 9.3 | J12: 4.1 | K12: 4.87
A13: 9.4 | B13: 4.2 | C13: 29.1 | E13: 9.4 | F13: 4.2 | G13: 34.8 | I13: 9.4 | J13: 4.2 | K13: 4.89
A14: 9.5 | B14: 4.3 | C14: 28.3 | E14: 9.5 | F14: 4.3 | G14: 33.1 | I14: 9.5 | J14: 4.3 | K14: 6.11
... A20: 10.5 | B20: 6.3 | C20: 28 | E20: 10.5 | F20: 6.3 | G20: 33.1 | I20: 10.5 | J20: 6.3 | K20: 3.05
A22: waktu | B22: TITIK | C22: SURUT | E22: waktu | F22: TITIK | G22: SURUT | I22: waktu | J22: TITIK | K22: SURUT
A23: 15.3 | B23: 1.1 | C23: 27.4 | E23: 15.3 | F23: 1.1 | G23: 32 | I23: 15.3 | J23: 1.1 | K23: 4.61
A24: 15.4 | B24: 1.2 | C24: 27.6 | E24: 15.4 | F24: 1.2 | G24: 33.1 | I24: 15.4 | J24: 1.2 | K24: 5.7
A25: 15.5 | B25: 1.3 | C25: 28.3 | E25: 15.5 | F25: 1.3 | G25: 33.1 | I25: 15.5 | J25: 1.3 | K25: 4.54
A26: 16 | B26: 2.1 | C26: 28 | E26: 16 | F26: 2.1 | G26: 32 | I26: 16 | J26: 2.1 | K26: 4.87
A27: 16.1 | B27: 2.2 | C27: 27.7 | E27: 16.1 | F27: 2.2 | G27: 30.3 | I27: 16.1 | J27: 2.2 | K27: 4.53
A28: 16.2 | B28: 2.3 | C28: 27.7 | E28: 16.2 | F28: 2.3 | G28: 32.5 | I28: 16.2 | J28: 2.3 | K28: 4.8
A29: 16.3 | B29: 3.1 | C29: 27.8 | E29: 16.3 | F29: 3.1 | G29: 33.6 | I29: 16.3 | J29: 3.1 | K29: 5.19
A30: 16.4 | B30: 3.2 | C30: 27.5 | E30: 16.4 | F30: 3.2 | G30: 32.5 | I30: 16.4 | J30: 3.2 | K30: 4.8
A31: 16.5 | B31: 3.3 | C31: 27.7 | E31: 16.5 | F31: 3.3 | G31: 32.5 | I31: 16.5 | J31: 3.3 | K31: 4.32
A32: 17 | B32: 4.1 | C32: 28 | E32: 17 | F32: 4.1 | G32: 34.8 | I32: 17 | J32: 4.1 | K32: 5.59
A33: 17.1 | B33: 4.2 | C33: 28.1 | E33: 17.1 | F33: 4.2 | G33: 36 | I33: 17.1 | J33: 4.2 | K33: 4.39
A34: 17.2 | B34: 4.3 | C34: 28.1 | E34: 17.2 | F34: 4.3 | G34: 33.6 | I34: 17.2 | J34: 4.3 | K34: 4.43
... A40: 18.2 | B40: 6.3 | C40: 28.2 | E40: 18.2 | F40: 6.3 | G40: 33.1 | I40: 18.2 | J40: 6.3 | K40: 4.87

Sheet Pasang vs Suhu, Salinitas, DO
A1: Jam | B1: Pasang | C1: Suhu | D1: Salinitas | E1: DO
A2: 00.00 | B2: 9.4 | C2: 33 | D2: 33.6 | E2: 6.19
A3: 01.00 | B3: 9.8 | C3: 32.5 | D3: 34.2 | E3: 4.67
A4: 02.00 | B4: 10.1 | C4: 32.6 | D4: 34.8 | E4: 5.52
A5: 03.00 | B5: 10.5 | C5: 30.2 | D5: 36 | E5: 4.59
A6: 04.00 | B6: 10.7 | C6: 29.5 | D6: 32.5 | E6: 5.31
A7: 05.00 | B7: 11 | C7: 30 | D7: 33.5 | E7: 4.76
A8: 06.00 | B8: 11.6 | C8: 30.5 | D8: 36 | E8: 5.61
A9: 07.00 | B9: 12.5 | C9: 29.3 | D9: 33.6 | E9: 5.71
A10: 08.00 | B10: 11.5 | C10: 30.1 | D10: 34.2 | E10: 5.67
A11: 09.00 | B11: 10.7 | C11: 29.2 | D11: 34.2 | E11: 4.87
A12: 10.00 | B12: 9.1 | C12: 29.1 | D12: 34.8 | E12: 4.89
A13: 11.00 | B13: 7.2 | C13: 28.3 | D13: 33.1 | E13: 6.11
... A19: 17.00 | B19: 1.6 | C19: 28 | D19: 33.1 | E19: 3.05

Sheet Surut vs Suhu, Salinitas, DO
A1: Jam | B1: Surut | C1: Suhu | D1: Salinitas | E1: DO
A2: 00.00 | B2: 8.8 | C2: 27.4 | D2: 32 | E2: 4.61
A3: 01.00 | B3: 9.1 | C3: 27.6 | D3: 33.1 | E3: 5.7
A4: 02.00 | B4: 9.3 | C4: 28.3 | D4: 33.1 | E4: 4.54
A5: 03.00 | B5: 9.6 | C5: 28 | D5: 32 | E5: 4.87
A6: 04.00 | B6: 9.9 | C6: 27.7 | D6: 30.3 | E6: 4.53
A7: 05.00 | B7: 10.8 | C7: 27.7 | D7: 32.5 | E7: 4.8
A8: 06.00 | B8: 11.1 | C8: 27.8 | D8: 33.6 | E8: 5.19
A9: 07.00 | B9: 11.9 | C9: 27.5 | D9: 32.5 | E9: 4.8
A10: 08.00 | B10: 11.1 | C10: 27.7 | D10: 32.5 | E10: 4.32
A11: 09.00 | B11: 10.3 | C11: 28 | D11: 34.8 | E11: 5.59
A12: 10.00 | B12: 8.8 | C12: 28.1 | D12: 36 | E12: 4.39
A13: 11.00 | B13: 6.9 | C13: 28.1 | D13: 33.6 | E13: 4.43
... A19: 17.00 | B19: 1.4 | C19: 28.2 | D19: 33.1 | E19: 4.87

Sheet PASU vs AVG(Suhu Salinitas DO)
A1: Jam | B1: PASU | C1: Suhu | D1: Salinitas | E1: DO
A2: 00.00 | B2: ='Pasang Surut'!D4 -> 9.1 | C2: =('Pasang vs Suhu, Salinitas, DO'!C2+'Surut vs Suhu, Salinitas, DO'!C2)/2 -> 30.2 | D2: =('Pasang vs Suhu, Salinitas, DO'!D2+'Surut vs Suhu, Salinitas, DO'!D2)/2 -> 32.8 | E2: =('Pasang vs Suhu, Salinitas, DO'!E2+'Surut vs Suhu, Salinitas, DO'!E2)/2 -> 5.4
A3: 01.00 | B3: ='Pasang Surut'!D5 -> 9.45 | C3: =('Pasang vs Suhu, Salinitas, DO'!C3+'Surut vs Suhu, Salinitas, DO'!C3)/2 -> 30.05 | D3: =('Pasang vs Suhu, Salinitas, DO'!D3+'Surut vs Suhu, Salinitas, DO'!D3)/2 -> 33.65 | E3: =('Pasang vs Suhu, Salinitas, DO'!E3+'Surut vs Suhu, Salinitas, DO'!E3)/2 -> 5.185
A4: 02.00 | B4: ='Pasang Surut'!D6 -> 9.7 | C4: =('Pasang vs Suhu, Salinitas, DO'!C4+'Surut vs Suhu, Salinitas, DO'!C4)/2 -> 30.45 | D4: =('Pasang vs Suhu, Salinitas, DO'!D4+'Surut vs Suhu, Salinitas, DO'!D4)/2 -> 33.95 | E4: =('Pasang vs Suhu, Salinitas, DO'!E4+'Surut vs Suhu, Salinitas, DO'!E4)/2 -> 5.03
A5: 03.00 | B5: ='Pasang Surut'!D7 -> 10.05 | C5: =('Pasang vs Suhu, Salinitas, DO'!C5+'Surut vs Suhu, Salinitas, DO'!C5)/2 -> 29.1 | D5: =('Pasang vs Suhu, Salinitas, DO'!D5+'Surut vs Suhu, Salinitas, DO'!D5)/2 -> 34 | E5: =('Pasang vs Suhu, Salinitas, DO'!E5+'Surut vs Suhu, Salinitas, DO'!E5)/2 -> 4.73
A6: 04.00 | B6: ='Pasang Surut'!D8 -> 10.3 | C6: =('Pasang vs Suhu, Salinitas, DO'!C6+'Surut vs Suhu, Salinitas, DO'!C6)/2 -> 28.6 | D6: =('Pasang vs Suhu, Salinitas, DO'!D6+'Surut vs Suhu, Salinitas, DO'!D6)/2 -> 31.4 | E6: =('Pasang vs Suhu, Salinitas, DO'!E6+'Surut vs Suhu, Salinitas, DO'!E6)/2 -> 4.92
A7: 05.00 | B7: ='Pasang Surut'!D9 -> 10.9 | C7: =('Pasang vs Suhu, Salinitas, DO'!C7+'Surut vs Suhu, Salinitas, DO'!C7)/2 -> 28.85 | D7: =('Pasang vs Suhu, Salinitas, DO'!D7+'Surut vs Suhu, Salinitas, DO'!D7)/2 -> 33 | E7: =('Pasang vs Suhu, Salinitas, DO'!E7+'Surut vs Suhu, Salinitas, DO'!E7)/2 -> 4.78
A8: 06.00 | B8: ='Pasang Surut'!D10 -> 11.35 | C8: =('Pasang vs Suhu, Salinitas, DO'!C8+'Surut vs Suhu, Salinitas, DO'!C8)/2 -> 29.15 | D8: =('Pasang vs Suhu, Salinitas, DO'!D8+'Surut vs Suhu, Salinitas, DO'!D8)/2 -> 34.8 | E8: =('Pasang vs Suhu, Salinitas, DO'!E8+'Surut vs Suhu, Salinitas, DO'!E8)/2 -> 5.4
A9: 07.00 | B9: ='Pasang Surut'!D11 -> 12.2 | C9: =('Pasang vs Suhu, Salinitas, DO'!C9+'Surut vs Suhu, Salinitas, DO'!C9)/2 -> 28.4 | D9: =('Pasang vs Suhu, Salinitas, DO'!D9+'Surut vs Suhu, Salinitas, DO'!D9)/2 -> 33.05 | E9: =('Pasang vs Suhu, Salinitas, DO'!E9+'Surut vs Suhu, Salinitas, DO'!E9)/2 -> 5.255
A10: 08.00 | B10: ='Pasang Surut'!D12 -> 11.3 | C10: =('Pasang vs Suhu, Salinitas, DO'!C10+'Surut vs Suhu, Salinitas, DO'!C10)/2 -> 28.9 | D10: =('Pasang vs Suhu, Salinitas, DO'!D10+'Surut vs Suhu, Salinitas, DO'!D10)/2 -> 33.35 | E10: =('Pasang vs Suhu, Salinitas, DO'!E10+'Surut vs Suhu, Salinitas, DO'!E10)/2 -> 4.995
A11: 09.00 | B11: ='Pasang Surut'!D13 -> 10.5 | C11: =('Pasang vs Suhu, Salinitas, DO'!C11+'Surut vs Suhu, Salinitas, DO'!C11)/2 -> 28.6 | D11: =('Pasang vs Suhu, Salinitas, DO'!D11+'Surut vs Suhu, Salinitas, DO'!D11)/2 -> 34.5 | E11: =('Pasang vs Suhu, Salinitas, DO'!E11+'Surut vs Suhu, Salinitas, DO'!E11)/2 -> 5.23
A12: 10.00 | B12: ='Pasang Surut'!D14 -> 8.95 | C12: =('Pasang vs Suhu, Salinitas, DO'!C12+'Surut vs Suhu, Salinitas, DO'!C12)/2 -> 28.6 | D12: =('Pasang vs Suhu, Salinitas, DO'!D12+'Surut vs Suhu, Salinitas, DO'!D12)/2 -> 35.4 | E12: =('Pasang vs Suhu, Salinitas, DO'!E12+'Surut vs Suhu, Salinitas, DO'!E12)/2 -> 4.64
A13: 11.00 | B13: ='Pasang Surut'!D15 -> 7.05 | C13: =('Pasang vs Suhu, Salinitas, DO'!C13+'Surut vs Suhu, Salinitas, DO'!C13)/2 -> 28.2 | D13: =('Pasang vs Suhu, Salinitas, DO'!D13+'Surut vs Suhu, Salinitas, DO'!D13)/2 -> 33.35 | E13: =('Pasang vs Suhu, Salinitas, DO'!E13+'Surut vs Suhu, Salinitas, DO'!E13)/2 -> 5.27
... A19: 17.00 | B19: ='Pasang Surut'!D21 -> 1.5 | C19: =('Pasang vs Suhu, Salinitas, DO'!C19+'Surut vs Suhu, Salinitas, DO'!C19)/2 -> 28.1 | D19: =('Pasang vs Suhu, Salinitas, DO'!D19+'Surut vs Suhu, Salinitas, DO'!D19)/2 -> 33.1 | E19: =('Pasang vs Suhu, Salinitas, DO'!E19+'Surut vs Suhu, Salinitas, DO'!E19)/2 -> 3.96
